{"iminium_rct_vacuum": -210.42786419742973, "furan3_rct_vacuum": -461.18885695613756, "diazonium_rct_vacuum": -416.6179816528837, "basicepoxide2_rct_vacuum": -268.51411145900926, "epoxide2_ts_IEF-PCM": -269.5545875527565, "lactone_pro_vacuum": -380.5989752280674, "furan1_rct_IEF-PCM": -461.2687368431445, "basicepoxide1_pro_vacuum": -268.56653977061853, "basicepoxide1_pro_IEF-PCM": -268.6666050555438, "basicepoxide1_ts_IEF-PCM": -268.6102715865329, "diazonium_rct_IEF-PCM": -416.69273543701576, "amide21_ts_IEF-PCM": -400.3264910126495, "epoxide2_pro_IEF-PCM": -269.5817713276277, "enamine_pro_IEF-PCM": -631.9881414577242, "imine_rct_vacuum": -210.06302430858148, "aceticanhydride_rct_vacuum": -457.5262386576415, "diazonium_ts_IEF-PCM": -416.6452325625346, "diazonium_pro_IEF-PCM": -416.7299513839264, "diazonium_pro_vacuum": -416.64473822949526, "epoxide1_ts_IEF-PCM": -269.5537948390803, "aceticanhydride_pro_vacuum": -457.54320393780495, "cl2co_ts_vacuum": -1108.8976392106504, "enamine_ts_IEF-PCM": -631.9619170761032, "ester_rct_vacuum": -343.7458703505351, "carbonate_rct_IEF-PCM": -417.75665382518133, "furan1_rct_vacuum": -461.1982498857371, "iminium_rct_IEF-PCM": -210.51434889435166, "furan2_pro_vacuum": -461.1888908526955, "ester_rct_IEF-PCM": -343.8344271017791, "carbonate_rct_vacuum": -417.66165190116953, "aceticanhydride_ts_IEF-PCM": -457.5348453524374, "aceticanhydride_ts_vacuum": -457.5250274934666, "lactone_pro_IEF-PCM": -380.6911738158847, "cl2co_pro_IEF-PCM": -1108.9747124472049, "aceticanhydride_rct_IEF-PCM": -457.536063842577, "epoxide1_rct_vacuum": -269.4758743522331, "furan1_ts_vacuum": -461.15529262133026, "furan3_pro_IEF-PCM": -461.2870504272626, "furan1_ts_IEF-PCM": -461.2286521861065, "ester_ts_IEF-PCM": -343.8135996417205, "amide21_ts_vacuum": -400.23642565169826, "basicepoxide1_ts_vacuum": -268.5068523624018, "imine_rct_IEF-PCM": -210.07158469861798, "ester_pro_vacuum": -343.74150410493695, "diazonium_ts_vacuum": -416.5699640340165, "furan2_pro_IEF-PCM": -461.2667764504858, "iminium_ts_IEF-PCM": -210.4662474054894, "iminium_ts_vacuum": -210.37455510683526, "cl2co_ts_IEF-PCM": -1108.9061651088296, "carbonate_ts_vacuum": -417.65377374731895, "carbonate_ts_IEF-PCM": -417.74336776401566, "epoxide1_rct_IEF-PCM": -269.56136364261823, "furan3_pro_vacuum": -461.2130756361875, "cl2co_pro_vacuum": -1108.9669625330741, "furan3_rct_IEF-PCM": -461.26674336168753, "epoxide1_ts_vacuum": -269.46896575803936, "ester_ts_vacuum": -343.711369957756, "epoxide2_ts_vacuum": -269.4674810264503, "basicepoxide2_rct_IEF-PCM": -268.622696074602, "epoxide2_pro_vacuum": -269.4831716260089, "aceticanhydride_pro_IEF-PCM": -457.55338820839097, "enamine_rct_IEF-PCM": -631.9956272385826, "ester_pro_IEF-PCM": -343.8374157309324, "amide22_pro_vacuum": -400.2851558266576, "amide22_rct_vacuum": -400.2451933590435, "borohydride_ts_vacuum": -177.4938779219694, "carbonate_pro_IEF-PCM": -417.8156110105682, "basicepoxide2_ts_vacuum": -268.503412678526, "amide12_ts_IEF-PCM": -591.7215163976819, "carbonate_pro_vacuum": -417.7193010049273, "borohydride_ts_IEF-PCM": -177.59144896316437, "amide11_ts_vacuum": -591.6344357457406, "borohydride_pro_IEF-PCM": -177.65383054690184, "amide11_ts_IEF-PCM": -591.7230630579395, "basicepoxide2_pro_IEF-PCM": -268.66701110175944, "amide12_ts_vacuum": -591.643928728403, "amide11_rct_IEF-PCM": -591.7502350338308, "basicepoxide1_rct_vacuum": -268.5141394219716, "amide12_pro_vacuum": -591.6878691240847, "borohydride_rct_vacuum": -177.53684290174644, "amide12_rct_IEF-PCM": -591.7356087353356, "amide11_pro_IEF-PCM": -591.7325538513577, "borohydride_rct_IEF-PCM": -177.6309533075013, "basicepoxide2_pro_vacuum": -268.5666211110172, "amide12_pro_IEF-PCM": -591.7697154725083, "amide21_rct_vacuum": -400.26804546964615, "amide11_pro_vacuum": -591.6488184528007, "amide12_rct_vacuum": -591.6526280100294, "amide11_rct_vacuum": -591.6705035002401, "basicepoxide2_ts_IEF-PCM": -268.60392837738243, "amide22_ts_IEF-PCM": -400.31301603269367, "amide21_rct_IEF-PCM": -400.3560103378157, "borohydride_pro_vacuum": -177.55220808715094, "amide21_pro_vacuum": -400.24554674247565, "amide22_ts_vacuum": -400.21788558206623, "amide22_pro_IEF-PCM": -400.3700898509113, "furan2_ts_IEF-PCM": -461.260952025361, "amide22_rct_IEF-PCM": -400.3364443813014, "basicepoxide1_rct_IEF-PCM": -268.62264135082444, "furan3_ts_IEF-PCM": -461.25909269844414, "amide21_pro_IEF-PCM": -400.33724228553933, "furan2_ts_vacuum": -461.1888438749133, "furan3_ts_vacuum": -461.18062685191813, "cl2co_rct_vacuum": -1108.970230806402, "furan1_pro_IEF-PCM": -461.2531020889368, "epoxide1_pro_IEF-PCM": -269.584144853092, "imine_ts_vacuum": -209.97777632154293, "lactone_rct_vacuum": -380.5513707905316, "imine_pro_vacuum": -210.06988166273294, "epoxide2_rct_vacuum": -269.4758819508211, "furan2_rct_IEF-PCM": -461.26234913367966, "iminium_pro_vacuum": -210.43347369604066, "epoxide2_rct_IEF-PCM": -269.56136526372893, "imine_ts_IEF-PCM": -209.99383970974176, "iminium_pro_IEF-PCM": -210.5295011307754, "lactone_rct_IEF-PCM": -380.65211287304, "lactone_ts_vacuum": -380.5462210829382, "epoxide1_pro_vacuum": -269.48722571837044, "imine_pro_IEF-PCM": -210.0762928312628, "cl2co_rct_IEF-PCM": -1108.9765326560607, "lactone_ts_IEF-PCM": -380.6467638430467, "furan2_rct_vacuum": -461.19215558212477, "furan1_pro_vacuum": -461.1700168096611}