{"aceticanhydride": {"vacuum": {"small": {"rct": -457.8221250280441, "ts": -457.8210800441349, "pro": -457.83974642524845}, "t": {"rct": -457.5262386576415, "ts": -457.5250274934666, "pro": -457.54320393780495}, "full": {"rct": -457.72733472709467, "ts": -457.72609001749106, "pro": null}}, "IEF-PCM": {"small": {"rct": -457.8330964986262, "ts": -457.83202523873484, "pro": -457.8510022759042}, "t": {"rct": -457.536063842577, "ts": -457.5348453524374, "pro": -457.55338820839097}, "full": {"rct": -457.73759110292025, "ts": -457.736334428917, "pro": null}}}, "furan2": {"vacuum": {"small": {"rct": -461.4698498982643, "ts": -461.46729872327165, "pro": -461.4688008516962}, "t": {"rct": -461.19215558212477, "ts": -461.1888438749133, "pro": -461.1888908526955}, "full": {"rct": null, "ts": null, "pro": null}}, "IEF-PCM": {"small": {"rct": -461.5405081213176, "ts": -461.539786529411, "pro": -461.54689144246345}, "t": {"rct": -461.26234913367966, "ts": -461.260952025361, "pro": -461.2667764504858}, "full": {"rct": null, "ts": null, "pro": null}}}, "lactone": {"vacuum": {"small": {"rct": -380.81669306783624, "ts": -380.81124825068036, "pro": -380.86064967264605}, "t": {"rct": -380.5513707905316, "ts": -380.5462210829382, "pro": -380.5989752280674}, "full": {"rct": null, "ts": -380.71792604379027, "pro": -380.76921039664546}}, "IEF-PCM": {"small": {"rct": -380.91945156580226, "ts": -380.9137949885882, "pro": -380.9544694141663}, "t": {"rct": -380.65211287304, "ts": -380.6467638430467, "pro": -380.6911738158847}, "full": {"rct": null, "ts": -380.8189339516356, "pro": -380.8618412622463}}}, "enamine": {"vacuum": {"small": {"rct": -632.3762030956649, "ts": -632.3432408124494, "pro": -632.3716072775997}, "t": {"rct": null, "ts": null, "pro": null}, "full": {"rct": null, "ts": null, "pro": null}}, "IEF-PCM": {"small": {"rct": -632.3893545638798, "ts": -632.3581665615634, "pro": -632.3837427916035}, "t": {"rct": -631.9956272385826, "ts": -631.9619170761032, "pro": -631.9881414577242}, "full": {"rct": null, "ts": null, "pro": null}}}, "imine": {"vacuum": {"small": {"rct": -210.18792988249888, "ts": -210.10673287160807, "pro": -210.19899841033813}, "t": {"rct": -210.06302430858148, "ts": -209.97777632154293, "pro": -210.06988166273294}, "full": {"rct": -210.15769334602726, "ts": -210.07675811925688, "pro": -210.16521422049385}}, "IEF-PCM": {"small": {"rct": -210.19747470855546, "ts": -210.12470496107966, "pro": -210.2062027618988}, "t": {"rct": -210.07158469861798, "ts": -209.99383970974176, "pro": -210.0762928312628}, "full": {"rct": -210.16632266048856, "ts": -210.09416645508225, "pro": -210.1718686121834}}}, "diazonium": {"vacuum": {"small": {"rct": -416.8706236090379, "ts": -416.82314573269304, "pro": -416.8978380910163}, "t": {"rct": -416.6179816528837, "ts": -416.5699640340165, "pro": -416.64473822949526}, "full": {"rct": -416.787784981136, "ts": -416.7391226382946, "pro": -416.81339847852763}}, "IEF-PCM": {"small": {"rct": -416.9452017036072, "ts": -416.89865247176095, "pro": -416.9830768833069}, "t": {"rct": -416.69273543701576, "ts": -416.6452325625346, "pro": -416.7299513839264}, "full": {"rct": -416.8623753716449, "ts": -416.8143625776011, "pro": -416.8983552587912}}}, "furan3": {"vacuum": {"small": {"rct": -461.4687791699531, "ts": -461.46170029703063, "pro": -461.4932875877577}, "t": {"rct": -461.18885695613756, "ts": -461.18062685191813, "pro": -461.2130756361875}, "full": {"rct": null, "ts": null, "pro": null}}, "IEF-PCM": {"small": {"rct": -461.54686521004726, "ts": -461.5403386537608, "pro": -461.5676030634778}, "t": {"rct": -461.26674336168753, "ts": -461.25909269844414, "pro": -461.2870504272626}, "full": {"rct": null, "ts": null, "pro": null}}}, "epoxide1": {"vacuum": {"small": {"rct": -269.63364133553296, "ts": -269.6271080290929, "pro": -269.6452017801902}, "t": {"rct": -269.4758743522331, "ts": -269.46896575803936, "pro": -269.48722571837044}, "full": {"rct": -269.5946062775424, "ts": -269.58815238857886, "pro": -269.6068574122481}}, "IEF-PCM": {"small": {"rct": -269.7194209723044, "ts": -269.7124643585488, "pro": -269.7426049940505}, "t": {"rct": -269.56136364261823, "ts": -269.5537948390803, "pro": -269.584144853092}, "full": {"rct": -269.6801197254193, "ts": -269.6730442559687, "pro": -269.7037395898158}}}, "cl2co": {"vacuum": {"small": {"rct": -1109.22138978671, "ts": -1109.1528140421208, "pro": -1109.223091809496}, "t": {"rct": -1108.970230806402, "ts": -1108.8976392106504, "pro": -1108.9669625330741}, "full": {"rct": -1109.147496880834, "ts": -1109.0756183782887, "pro": -1109.1461510057793}}, "IEF-PCM": {"small": {"rct": -1109.2284419359976, "ts": -1109.1621081306616, "pro": -1109.2315063108665}, "t": {"rct": -1108.9765326560607, "ts": -1108.9061651088296, "pro": -1108.9747124472049}, "full": {"rct": -1109.1538214765178, "ts": -1109.0841630790662, "pro": -1109.1539799089987}}}, "iminium": {"vacuum": {"small": {"rct": -210.54563959559837, "ts": -210.49519596242484, "pro": -210.55283984207443}, "t": {"rct": -210.42786419742973, "ts": -210.37455510683526, "pro": -210.43347369604066}, "full": {"rct": -210.52097830435196, "ts": -210.46682077255107, "pro": -210.52639996094058}}, "IEF-PCM": {"small": {"rct": -210.63224898145043, "ts": -210.58697326896734, "pro": -210.6492259437193}, "t": {"rct": -210.51434889435166, "ts": -210.4662474054894, "pro": -210.5295011307754}, "full": {"rct": -210.6074535210783, "ts": -210.5583503506803, "pro": -210.6223445917361}}}, "epoxide2": {"vacuum": {"small": {"rct": -269.6336545680791, "ts": -269.6257098395003, "pro": -269.64114589023836}, "t": {"rct": -269.4758819508211, "ts": -269.4674810264503, "pro": -269.4831716260089}, "full": {"rct": -269.5946107958046, "ts": -269.5860960801698, "pro": -269.6026334232009}}, "IEF-PCM": {"small": {"rct": -269.71942952203256, "ts": -269.7134552928372, "pro": -269.74033662435926}, "t": {"rct": -269.56136526372893, "ts": -269.5545875527565, "pro": -269.5817713276277}, "full": {"rct": -269.6801198245769, "ts": -269.673229330706, "pro": -269.7012837401969}}}, "ester": {"vacuum": {"small": {"rct": -343.97845174588093, "ts": -343.94393622691155, "pro": -343.9775102957809}, "t": {"rct": -343.7458703505351, "ts": -343.711369957756, "pro": -343.74150410493695}, "full": {"rct": -343.9045379238423, "ts": -343.87469299312926, "pro": -343.9014017546654}}, "IEF-PCM": {"small": {"rct": -344.06805324542614, "ts": -344.04783000004323, "pro": -344.0748840881087}, "t": {"rct": -343.8344271017791, "ts": -343.8135996417205, "pro": -343.8374157309324}, "full": {"rct": -343.9927692266406, "ts": -343.9776198713129, "pro": -343.997451485993}}}, "furan1": {"vacuum": {"small": {"rct": -461.47564621548116, "ts": -461.4325528588497, "pro": -461.4465318187342}, "t": {"rct": -461.1982498857371, "ts": -461.15529262133026, "pro": -461.1700168096611}, "full": {"rct": null, "ts": null, "pro": null}}, "IEF-PCM": {"small": {"rct": -461.5464704421664, "ts": -461.5065053285318, "pro": -461.53013060335434}, "t": {"rct": -461.2687368431445, "ts": -461.2286521861065, "pro": -461.2531020889368}, "full": {"rct": null, "ts": null, "pro": null}}}}