{"iminium_rct_vacuum": -210.52097830435196, "furan3_rct_vacuum": -461.38959719326493, "diazonium_rct_vacuum": -416.787784981136, "basicepoxide2_rct_vacuum": -268.6478962505837, "epoxide2_ts_IEF-PCM": -269.673229330706, "lactone_pro_vacuum": -380.76921039664546, "furan1_rct_IEF-PCM": -461.4708399542354, "basicepoxide1_pro_vacuum": -268.694206555134, "basicepoxide1_pro_IEF-PCM": -268.7951236362173, "basicepoxide1_ts_IEF-PCM": -268.7420169902703, "diazonium_rct_IEF-PCM": -416.8623753716449, "amide21_ts_IEF-PCM": -400.51385486036384, "epoxide2_pro_IEF-PCM": -269.7012837401969, "imine_rct_vacuum": -210.15769334602726, "aceticanhydride_rct_vacuum": -457.72733472709467, "diazonium_ts_IEF-PCM": -416.8143625776011, "diazonium_pro_IEF-PCM": -416.8983552587912, "diazonium_pro_vacuum": -416.81339847852763, "epoxide1_ts_IEF-PCM": -269.6730442559687, "cl2co_ts_vacuum": -1109.0756183782887, "ester_rct_vacuum": -343.9045379238423, "carbonate_rct_IEF-PCM": -417.9534782257295, "furan1_rct_vacuum": -461.4002996247219, "iminium_rct_IEF-PCM": -210.6074535210783, "furan2_pro_vacuum": -461.38963395703814, "ester_rct_IEF-PCM": -343.9927692266406, "carbonate_rct_vacuum": -417.85830369663313, "aceticanhydride_ts_IEF-PCM": -457.736334428917, "aceticanhydride_ts_vacuum": -457.72609001749106, "lactone_pro_IEF-PCM": -380.8618412622463, "cl2co_pro_IEF-PCM": -1109.1539799089987, "aceticanhydride_rct_IEF-PCM": -457.73759110292025, "epoxide1_rct_vacuum": -269.5946062775424, "furan1_ts_vacuum": -461.355843400164, "furan3_pro_IEF-PCM": -461.4881191648191, "furan1_ts_IEF-PCM": -461.42927178163336, "ester_ts_IEF-PCM": -343.9776198713129, "amide21_ts_vacuum": -400.42360905860835, "basicepoxide1_ts_vacuum": -268.63803918535484, "imine_rct_IEF-PCM": -210.16632266048856, "ester_pro_vacuum": -343.9014017546654, "diazonium_ts_vacuum": -416.7391226382946, "furan2_pro_IEF-PCM": -461.4673703169621, "iminium_ts_IEF-PCM": -210.5583503506803, "iminium_ts_vacuum": -210.46682077255107, "cl2co_ts_IEF-PCM": -1109.0841630790662, "carbonate_ts_vacuum": -417.8467832300658, "carbonate_ts_IEF-PCM": -417.93676995012646, "epoxide1_rct_IEF-PCM": -269.6801197254193, "furan3_pro_vacuum": -461.41410914184536, "cl2co_pro_vacuum": -1109.1461510057793, "furan3_rct_IEF-PCM": -461.4673336249454, "epoxide1_ts_vacuum": -269.58815238857886, "ester_ts_vacuum": -343.87469299312926, "epoxide2_ts_vacuum": -269.5860960801698, "basicepoxide2_rct_IEF-PCM": -268.75625594559085, "epoxide2_pro_vacuum": -269.6026334232009, "ester_pro_IEF-PCM": -343.997451485993, "amide22_pro_vacuum": -400.47078806352243, "amide22_rct_vacuum": -400.432185596033, "borohydride_ts_vacuum": -177.5794947402955, "carbonate_pro_IEF-PCM": -418.0052902755289, "basicepoxide2_ts_vacuum": -268.6344179096356, "carbonate_pro_vacuum": -417.90905914428146, "borohydride_ts_IEF-PCM": -177.6765824339395, "borohydride_pro_IEF-PCM": -177.73802767373147, "amide11_ts_IEF-PCM": -591.9869154761857, "basicepoxide2_pro_IEF-PCM": -268.79504765577275, "amide12_ts_vacuum": -591.904021107334, "amide11_rct_IEF-PCM": -592.0126490017733, "basicepoxide1_rct_vacuum": -268.64798154397084, "amide12_pro_vacuum": -591.9491011973615, "borohydride_rct_vacuum": -177.62243618493625, "amide12_rct_IEF-PCM": -591.9975370697591, "borohydride_rct_IEF-PCM": -177.71635712864182, "basicepoxide2_pro_vacuum": -268.69393982211767, "amide12_pro_IEF-PCM": -592.0311473421286, "amide21_rct_vacuum": -400.4565242134414, "amide11_rct_vacuum": -591.9328095806336, "basicepoxide2_ts_IEF-PCM": -268.735668059204, "amide22_ts_IEF-PCM": -400.5003763536457, "amide21_rct_IEF-PCM": -400.54464232864, "borohydride_pro_vacuum": -177.63726839289805, "amide22_ts_vacuum": -400.4048014172986, "amide22_pro_IEF-PCM": -400.55583723158344, "furan2_ts_IEF-PCM": -461.4622746841201, "amide22_rct_IEF-PCM": -400.5236081291101, "basicepoxide1_rct_IEF-PCM": -268.75626822972964, "furan3_ts_IEF-PCM": -461.4594208545832, "furan2_ts_vacuum": -461.39017194269763, "furan3_ts_vacuum": -461.3811375185346, "cl2co_rct_vacuum": -1109.147496880834, "epoxide1_pro_IEF-PCM": -269.7037395898158, "imine_ts_vacuum": -210.07675811925688, "imine_pro_vacuum": -210.16521422049385, "epoxide2_rct_vacuum": -269.5946107958046, "iminium_pro_vacuum": -210.52639996094058, "epoxide2_rct_IEF-PCM": -269.6801198245769, "imine_ts_IEF-PCM": -210.09416645508225, "iminium_pro_IEF-PCM": -210.6223445917361, "lactone_ts_vacuum": -380.71792604379027, "epoxide1_pro_vacuum": -269.6068574122481, "imine_pro_IEF-PCM": -210.1718686121834, "cl2co_rct_IEF-PCM": -1109.1538214765178, "lactone_ts_IEF-PCM": -380.8189339516356}