{"diazonium_ts_vacuum": -416.75850864123004, "diazonium_pro_IEF-PCM": -416.91713491482847, "furan3_ts_vacuum": -461.4035095589593, "borohydride_ts_vacuum": -177.58791874039014, "borohydride_rct_vacuum": -177.63069097251633, "epoxide2_rct_IEF-PCM": -269.6942301158128, "cl2co_ts_vacuum": -1109.07998851694, "borohydride_pro_IEF-PCM": -177.74558660832142, "amide22_pro_IEF-PCM": -400.573845527599, "furan3_ts_IEF-PCM": -461.48176751501677, "furan3_rct_vacuum": -461.4120073723315, "amide22_rct_vacuum": -400.4504377861884, "epoxide1_rct_IEF-PCM": -269.69422938254644, "carbonate_ts_vacuum": -417.861652761558, "epoxide2_ts_IEF-PCM": -269.6871603811004, "basicepoxide2_pro_IEF-PCM": -268.8087935267205, "epoxide2_ts_vacuum": -269.6000962641167, "epoxide1_ts_IEF-PCM": -269.68705943307236, "basicepoxide1_ts_IEF-PCM": -268.75751540958555, "amide22_rct_IEF-PCM": -400.54161210198714, "imine_ts_vacuum": -210.09051987947402, "epoxide1_pro_IEF-PCM": -269.7174268144338, "furan3_rct_IEF-PCM": -461.48956181830147, "ester_pro_IEF-PCM": -344.01130665640324, "ester_rct_vacuum": -343.9188346931936, "basicepoxide2_rct_vacuum": -268.66391192066334, "imine_rct_vacuum": -210.16974547709384, "amide22_ts_IEF-PCM": -400.5186991755422, "cl2co_ts_IEF-PCM": -1109.0884077742057, "furan2_rct_vacuum": -461.4171708284869, "imine_pro_IEF-PCM": -210.18315614000508, "furan3_pro_IEF-PCM": -461.5106377863627, "aceticanhydride_pro_vacuum": -457.76109026075704, "furan2_pro_IEF-PCM": -461.4895991229316, "aceticanhydride_ts_IEF-PCM": -457.7531263531611, "furan2_rct_IEF-PCM": -461.48709695822686, "diazonium_ts_IEF-PCM": -416.8337417122841, "furan1_pro_vacuum": -461.3928044389439, "lactone_ts_IEF-PCM": -380.83270368704956, "lactone_rct_IEF-PCM": -380.83821414868714, "furan1_rct_IEF-PCM": -461.49391969022076, "diazonium_rct_IEF-PCM": -416.88159506709144, "amide21_ts_IEF-PCM": -400.53229456338556, "amide21_pro_IEF-PCM": -400.5425879714229, "furan3_pro_vacuum": -461.4366324473762, "carbonate_rct_vacuum": -417.8737686392831, "iminium_rct_IEF-PCM": -210.61957849483895, "iminium_ts_IEF-PCM": -210.56988788796394, "aceticanhydride_ts_vacuum": -457.7429942199417, "borohydride_ts_IEF-PCM": -177.6847101995956, "imine_rct_IEF-PCM": -210.17820478330492, "furan1_ts_IEF-PCM": -461.45206134994464, "borohydride_rct_IEF-PCM": -177.72441384253634, "iminium_rct_vacuum": -210.53304428854256, "epoxide1_ts_vacuum": -269.60220674461266, "lactone_pro_IEF-PCM": -380.875636505226, "basicepoxide1_rct_vacuum": -268.664005211427, "iminium_pro_IEF-PCM": -210.63386141985487, "ester_rct_IEF-PCM": -344.0067381583215, "cl2co_rct_IEF-PCM": -1109.1587089104066, "epoxide2_pro_IEF-PCM": -269.71496069133224, "epoxide1_pro_vacuum": -269.6205598356434, "imine_ts_IEF-PCM": -210.10788369833398, "epoxide2_pro_vacuum": -269.616321450893, "furan2_ts_vacuum": -461.41275358045715, "ester_pro_vacuum": -343.9154964989116, "basicepoxide2_ts_vacuum": -268.6502018923544, "furan2_pro_vacuum": -461.4120462907316, "furan1_pro_IEF-PCM": -461.4759351792643, "furan1_ts_vacuum": -461.3786568929858, "ester_ts_IEF-PCM": -343.9934789177854, "basicepoxide2_rct_IEF-PCM": -268.7719442943271, "amide21_pro_vacuum": -400.45110997045975, "basicepoxide2_ts_IEF-PCM": -268.7512476760996, "furan1_rct_vacuum": -461.4233704049203, "diazonium_rct_vacuum": -416.80696116146174, "aceticanhydride_rct_IEF-PCM": -457.75438548668166, "amide22_ts_vacuum": -400.4233515623949, "amide21_rct_IEF-PCM": -400.5634894574533, "borohydride_pro_vacuum": -177.6451762822238, "cl2co_pro_vacuum": -1109.1502624666423, "cl2co_rct_vacuum": -1109.1524825735576, "basicepoxide2_pro_vacuum": -268.7078862829006, "amide21_ts_vacuum": -400.44225944370424, "iminium_pro_vacuum": -210.53793740816587, "amide21_rct_vacuum": -400.47571986364966, "basicepoxide1_rct_IEF-PCM": -268.77196903263587, "carbonate_pro_vacuum": -417.92217129571316, "lactone_pro_vacuum": -380.78323056514535, "basicepoxide1_pro_vacuum": -268.70832125597934, "basicepoxide1_ts_vacuum": -268.6538181149129, "diazonium_pro_vacuum": -416.8322211282525, "iminium_ts_vacuum": -210.47835809319602, "ester_ts_vacuum": -343.89067640053713, "amide22_pro_vacuum": -400.4890044129263, "furan2_ts_IEF-PCM": -461.48481737148916, "carbonate_pro_IEF-PCM": -418.0181907260529, "imine_pro_vacuum": -210.17659977084386, "carbonate_rct_IEF-PCM": -417.9688211108865, "cl2co_pro_IEF-PCM": -1109.1579270546474, "aceticanhydride_rct_vacuum": -457.74424166955356, "lactone_rct_vacuum": -380.73734828941315, "lactone_ts_vacuum": -380.73202634949877, "carbonate_ts_IEF-PCM": -417.9514821351566, "epoxide1_rct_vacuum": -269.6087055521522, "aceticanhydride_pro_IEF-PCM": -457.7715845748979, "basicepoxide1_pro_IEF-PCM": -268.8090275754279, "epoxide2_rct_vacuum": -269.6087106580344}