{"diazonium_ts_vacuum": -416.75850864123004, "furan3_ts_vacuum": -461.4035095589593, "borohydride_ts_vacuum": -177.58791874039014, "borohydride_rct_vacuum": -177.63069097251633, "cl2co_ts_vacuum": -1109.07998851694, "furan3_rct_vacuum": -461.4120073723315, "carbonate_ts_vacuum": -417.861652761558, "epoxide2_ts_vacuum": -269.6000962641167, "imine_ts_vacuum": -210.09051987947402, "ester_rct_vacuum": -343.9188346931936, "imine_rct_vacuum": -210.16974547709384, "furan2_rct_vacuum": -461.4171708284869, "aceticanhydride_pro_vacuum": -457.76109026075704, "furan1_pro_vacuum": -461.3928044389439, "furan3_pro_vacuum": -461.4366324473762, "carbonate_rct_vacuum": -417.8737686392831, "aceticanhydride_ts_vacuum": -457.6992074, "iminium_rct_vacuum": -210.53304428854256, "epoxide1_ts_vacuum": -269.60220674461266, "epoxide1_pro_vacuum": -269.6205598356434, "epoxide2_pro_vacuum": -269.616321450893, "furan2_ts_vacuum": -461.41275358045715, "ester_pro_vacuum": -343.9154964989116, "furan2_pro_vacuum": -461.4120462907316, "furan1_ts_vacuum": -461.3786568929858, "furan1_rct_vacuum": -461.4233704049203, "diazonium_rct_vacuum": -416.80696116146174, "borohydride_pro_vacuum": -177.6451762822238, "cl2co_pro_vacuum": -1109.1502624666423, "cl2co_rct_vacuum": -1109.1524825735576, "iminium_pro_vacuum": -210.53793740816587, "carbonate_pro_vacuum": -417.92217129571316, "lactone_pro_vacuum": -380.78323056514535, "diazonium_pro_vacuum": -416.8322211282525, "iminium_ts_vacuum": -210.47835809319602, "ester_ts_vacuum": -343.89067640053713, "imine_pro_vacuum": -210.17659977084386, "aceticanhydride_rct_vacuum": -457.74424166955356, "lactone_rct_vacuum": -380.73734828941315, "lactone_ts_vacuum": -380.73202634949877, "epoxide1_rct_vacuum": -269.6087055521522, "epoxide2_rct_vacuum": -269.6087106580344, "amide22_rct_vacuum": -400.4504377861884, "basicepoxide2_rct_vacuum": -268.66391192066334, "basicepoxide1_rct_vacuum": -268.664005211427, "basicepoxide2_ts_vacuum": -268.6502018923544, "amide21_pro_vacuum": -400.45110997045975, "amide22_ts_vacuum": -400.4233515623949, "basicepoxide2_pro_vacuum": -268.7078862829006, "amide21_ts_vacuum": -400.44225944370424, "amide21_rct_vacuum": -400.47571986364966, "basicepoxide1_pro_vacuum": -268.70832125597934, "basicepoxide1_ts_vacuum": -268.6538181149129, "amide22_pro_vacuum": -400.4890044129263}
