{"aceticanhydride_realts_0_CCSD(T)_def2-TZVP_vacuum": {"hf": -455.72692138, "mp2": -457.34585718, "ccsd_corr": -1.64033658, "ccsd_total": -457.36725796, "ccsdt_corr": -0.07377322, "ccsdt_total": -457.36725796}, "aceticanhydride_realts_0_CCSD(T)_def2-SVP_vacuum": {"hf": -455.18886233, "mp2": -456.50295651, "ccsd_corr": -1.35387525, "ccsd_total": -456.54273758, "ccsdt_corr": -0.04637482, "ccsdt_total": -456.54273758}, "aceticanhydride_realts_0_CCSD_def2-TZVPP_vacuum": {"hf": -455.73153268, "mp2": -457.37301574, "ccsd_corr": -1.65988385, "ccsd_total": -457.39141653, "ccsdt_corr": null, "ccsdt_total": null}}