{"aceticanhydride_realts_0_MP2_def2-QZVPP_vacuum": {"hf": -455.7519153963, "mp2_corr": -1.76087624, "mp2": -457.51279164}, "aceticanhydride_realts_0_MP2_def2-TZVPP_vacuum": {"hf": -455.73153139, "mp2_corr": -1.64148698, "mp2": -457.37301837}, "aceticanhydride_realts_0_MP2_def2-TZVP_vacuum": {"hf": -455.7269200869, "mp2_corr": -1.61893943, "mp2": -457.34585952}}