{"iminium_rct_vacuum": -210.54563959559837, "furan3_rct_vacuum": -461.4687791699531, "diazonium_rct_vacuum": -416.8706236090379, "epoxide2_ts_IEF-PCM": -269.7134552928372, "lactone_pro_vacuum": -380.86064967264605, "furan1_rct_IEF-PCM": -461.5464704421664, "diazonium_rct_IEF-PCM": -416.9452017036072, "epoxide2_pro_IEF-PCM": -269.74033662435926, "enamine_pro_IEF-PCM": -632.3837427916035, "imine_rct_vacuum": -210.18792988249888, "aceticanhydride_rct_vacuum": -457.8221250280441, "diazonium_ts_IEF-PCM": -416.89865247176095, "diazonium_pro_IEF-PCM": -416.9830768833069, "diazonium_pro_vacuum": -416.8978380910163, "epoxide1_ts_IEF-PCM": -269.7124643585488, "aceticanhydride_pro_vacuum": -457.83974642524845, "cl2co_ts_vacuum": -1109.1528140421208, "enamine_ts_IEF-PCM": -632.3581665615634, "ester_rct_vacuum": -343.97845174588093, "carbonate_rct_IEF-PCM": -418.05207664427144, "furan1_rct_vacuum": -461.47564621548116, "iminium_rct_IEF-PCM": -210.63224898145043, "furan2_pro_vacuum": -461.4688008516962, "ester_rct_IEF-PCM": -344.06805324542614, "carbonate_rct_vacuum": -417.9559469437087, "aceticanhydride_ts_IEF-PCM": -457.83202523873484, "aceticanhydride_ts_vacuum": -457.78113232485003, "lactone_pro_IEF-PCM": -380.9544694141663, "cl2co_pro_IEF-PCM": -1109.2315063108665, "aceticanhydride_rct_IEF-PCM": -457.8330964986262, "epoxide1_rct_vacuum": -269.63364133553296, "furan1_ts_vacuum": -461.4325528588497, "furan3_pro_IEF-PCM": -461.5676030634778, "furan1_ts_IEF-PCM": -461.5065053285318, "ester_ts_IEF-PCM": -344.04783000004323, "enamine_pro_vacuum": -632.3716072775997, "imine_rct_IEF-PCM": -210.19747470855546, "ester_pro_vacuum": -343.9775102957809, "diazonium_ts_vacuum": -416.82314573269304, "furan2_pro_IEF-PCM": -461.54689144246345, "iminium_ts_IEF-PCM": -210.58697326896734, "iminium_ts_vacuum": -210.49519596242484, "cl2co_ts_IEF-PCM": -1109.1621081306616, "carbonate_ts_vacuum": -417.9488897407188, "carbonate_ts_IEF-PCM": -418.03976521194215, "epoxide1_rct_IEF-PCM": -269.7194209723044, "furan3_pro_vacuum": -461.4932875877577, "cl2co_pro_vacuum": -1109.223091809496, "furan3_rct_IEF-PCM": -461.54686521004726, "epoxide1_ts_vacuum": -269.6271080290929, "ester_ts_vacuum": -343.94393622691155, "epoxide2_ts_vacuum": -269.6257098395003, "epoxide2_pro_vacuum": -269.64114589023836, "aceticanhydride_pro_IEF-PCM": -457.8510022759042, "enamine_rct_IEF-PCM": -632.3893545638798, "ester_pro_IEF-PCM": -344.0748840881087, "enamine_ts_vacuum": -632.3432408124494, "enamine_rct_vacuum": -632.3762030956649, "borohydride_ts_vacuum": -177.6129763090606, "carbonate_pro_IEF-PCM": -418.10932418093824, "carbonate_pro_vacuum": -418.0119508475185, "borohydride_ts_IEF-PCM": -177.71135984605786, "borohydride_pro_IEF-PCM": -177.77523822859482, "borohydride_rct_vacuum": -177.65401184667147, "borohydride_rct_IEF-PCM": -177.74891238421742, "borohydride_pro_vacuum": -177.67322848819157, "furan2_ts_IEF-PCM": -461.539786529411, "furan3_ts_IEF-PCM": -461.5403386537608, "furan2_ts_vacuum": -461.46729872327165, "furan3_ts_vacuum": -461.46170029703063, "cl2co_rct_vacuum": -1109.22138978671, "furan1_pro_IEF-PCM": -461.53013060335434, "epoxide1_pro_IEF-PCM": -269.7426049940505, "imine_ts_vacuum": -210.10673287160807, "lactone_rct_vacuum": -380.81669306783624, "imine_pro_vacuum": -210.19899841033813, "epoxide2_rct_vacuum": -269.6336545680791, "furan2_rct_IEF-PCM": -461.5405081213176, "iminium_pro_vacuum": -210.55283984207443, "epoxide2_rct_IEF-PCM": -269.71942952203256, "imine_ts_IEF-PCM": -210.12470496107966, "iminium_pro_IEF-PCM": -210.6492259437193, "lactone_rct_IEF-PCM": -380.91945156580226, "lactone_ts_vacuum": -380.81124825068036, "epoxide1_pro_vacuum": -269.6452017801902, "imine_pro_IEF-PCM": -210.2062027618988, "cl2co_rct_IEF-PCM": -1109.2284419359976, "lactone_ts_IEF-PCM": -380.9137949885882, "furan2_rct_vacuum": -461.4698498982643, "furan1_pro_vacuum": -461.4465318187342}