{"iminium_rct_vacuum": -210.42786419742973, "furan3_rct_vacuum": -461.18885695613756, "diazonium_rct_vacuum": -416.6179816528837, "epoxide2_ts_IEF-PCM": -269.5545875527565, "lactone_pro_vacuum": -380.5989752280674, "furan1_rct_IEF-PCM": -461.2687368431445, "diazonium_rct_IEF-PCM": -416.69273543701576, "epoxide2_pro_IEF-PCM": -269.5817713276277, "enamine_pro_IEF-PCM": -631.9881414577242, "imine_rct_vacuum": -210.06302430858148, "aceticanhydride_rct_vacuum": -457.5262386576415, "diazonium_ts_IEF-PCM": -416.6452325625346, "diazonium_pro_IEF-PCM": -416.7299513839264, "diazonium_pro_vacuum": -416.64473822949526, "epoxide1_ts_IEF-PCM": -269.5537948390803, "aceticanhydride_pro_vacuum": -457.54320393780495, "cl2co_ts_vacuum": -1108.8976392106504, "enamine_ts_IEF-PCM": -631.9619170761032, "ester_rct_vacuum": -343.7458703505351, "carbonate_rct_IEF-PCM": -417.75665382518133, "furan1_rct_vacuum": -461.1982498857371, "iminium_rct_IEF-PCM": -210.51434889435166, "furan2_pro_vacuum": -461.1888908526955, "ester_rct_IEF-PCM": -343.8344271017791, "carbonate_rct_vacuum": -417.66165190116953, "aceticanhydride_ts_IEF-PCM": -457.5348453524374, "aceticanhydride_ts_vacuum": -457.4818333956552, "lactone_pro_IEF-PCM": -380.6911738158847, "cl2co_pro_IEF-PCM": -1108.9747124472049, "aceticanhydride_rct_IEF-PCM": -457.536063842577, "epoxide1_rct_vacuum": -269.4758743522331, "furan1_ts_vacuum": -461.15529262133026, "furan3_pro_IEF-PCM": -461.2870504272626, "furan1_ts_IEF-PCM": -461.2286521861065, "ester_ts_IEF-PCM": -343.8135996417205, "imine_rct_IEF-PCM": -210.07158469861798, "ester_pro_vacuum": -343.74150410493695, "diazonium_ts_vacuum": -416.5699640340165, "furan2_pro_IEF-PCM": -461.2667764504858, "iminium_ts_IEF-PCM": -210.4662474054894, "iminium_ts_vacuum": -210.37455510683526, "cl2co_ts_IEF-PCM": -1108.9061651088296, "carbonate_ts_vacuum": -417.65377374731895, "carbonate_ts_IEF-PCM": -417.74336776401566, "epoxide1_rct_IEF-PCM": -269.56136364261823, "furan3_pro_vacuum": -461.2130756361875, "cl2co_pro_vacuum": -1108.9669625330741, "furan3_rct_IEF-PCM": -461.26674336168753, "epoxide1_ts_vacuum": -269.46896575803936, "ester_ts_vacuum": -343.711369957756, "epoxide2_ts_vacuum": -269.4674810264503, "epoxide2_pro_vacuum": -269.4831716260089, "aceticanhydride_pro_IEF-PCM": -457.55338820839097, "enamine_rct_IEF-PCM": -631.9956272385826, "ester_pro_IEF-PCM": -343.8374157309324, "borohydride_ts_vacuum": -177.4938779219694, "carbonate_pro_IEF-PCM": -417.8156110105682, "carbonate_pro_vacuum": -417.7193010049273, "borohydride_ts_IEF-PCM": -177.59144896316437, "borohydride_pro_IEF-PCM": -177.65383054690184, "borohydride_rct_vacuum": -177.53684290174644, "borohydride_rct_IEF-PCM": -177.6309533075013, "borohydride_pro_vacuum": -177.55220808715094, "furan2_ts_IEF-PCM": -461.260952025361, "furan3_ts_IEF-PCM": -461.25909269844414, "furan2_ts_vacuum": -461.1888438749133, "furan3_ts_vacuum": -461.18062685191813, "cl2co_rct_vacuum": -1108.970230806402, "furan1_pro_IEF-PCM": -461.2531020889368, "epoxide1_pro_IEF-PCM": -269.584144853092, "imine_ts_vacuum": -209.97777632154293, "lactone_rct_vacuum": -380.5513707905316, "imine_pro_vacuum": -210.06988166273294, "epoxide2_rct_vacuum": -269.4758819508211, "furan2_rct_IEF-PCM": -461.26234913367966, "iminium_pro_vacuum": -210.43347369604066, "epoxide2_rct_IEF-PCM": -269.56136526372893, "imine_ts_IEF-PCM": -209.99383970974176, "iminium_pro_IEF-PCM": -210.5295011307754, "lactone_rct_IEF-PCM": -380.65211287304, "lactone_ts_vacuum": -380.5462210829382, "epoxide1_pro_vacuum": -269.48722571837044, "imine_pro_IEF-PCM": -210.0762928312628, "cl2co_rct_IEF-PCM": -1108.9765326560607, "lactone_ts_IEF-PCM": -380.6467638430467, "furan2_rct_vacuum": -461.19215558212477, "furan1_pro_vacuum": -461.1700168096611}