{"diazonium_ts_vacuum": -416.65182904123003, "diazonium_pro_IEF-PCM": -416.8135143248284, "furan3_ts_vacuum": -461.2752689289593, "borohydride_ts_vacuum": -177.55041388039015, "borohydride_rct_vacuum": -177.59215464251633, "epoxide2_rct_IEF-PCM": -269.6143802258128, "cl2co_ts_vacuum": -1109.00550761694, "borohydride_pro_IEF-PCM": -177.7060732083214, "amide22_pro_IEF-PCM": -400.474831677599, "furan3_ts_IEF-PCM": -461.35355766501675, "furan3_rct_vacuum": -461.2817438923315, "amide22_rct_vacuum": -400.3530367761884, "epoxide1_rct_IEF-PCM": -269.6143780225464, "carbonate_ts_vacuum": -417.783272961558, "epoxide2_ts_IEF-PCM": -269.60573003110045, "basicepoxide2_pro_IEF-PCM": -268.7355363367205, "epoxide2_ts_vacuum": -269.5185105641167, "epoxide1_ts_IEF-PCM": -269.6044973330724, "basicepoxide1_ts_IEF-PCM": -268.68616411958556, "amide22_rct_IEF-PCM": -400.44438779198714, "imine_ts_vacuum": -210.02438635947402, "epoxide1_pro_IEF-PCM": -269.6369889944338, "furan3_rct_IEF-PCM": -461.35934924830144, "ester_pro_IEF-PCM": -343.93190087640323, "ester_rct_vacuum": -343.8403129131936, "basicepoxide2_rct_vacuum": -268.5932011406634, "imine_rct_vacuum": -210.10388157709386, "amide22_ts_IEF-PCM": -400.42352810554223, "cl2co_ts_IEF-PCM": -1109.0139742742058, "furan2_rct_vacuum": -461.2839284684869, "imine_pro_IEF-PCM": -210.11823259000508, "furan3_pro_IEF-PCM": -461.37682509636267, "aceticanhydride_pro_vacuum": -457.66129057075705, "furan2_pro_IEF-PCM": -461.3593757329316, "aceticanhydride_ts_IEF-PCM": -457.65346427316115, "furan2_rct_IEF-PCM": -461.3539597382269, "diazonium_ts_IEF-PCM": -416.7272855322841, "furan1_pro_vacuum": -461.26013161894394, "lactone_ts_IEF-PCM": -380.75202924704956, "lactone_rct_IEF-PCM": -380.7574099686871, "furan1_rct_IEF-PCM": -461.3617685902208, "diazonium_rct_IEF-PCM": -416.7826158470914, "amide21_ts_IEF-PCM": -400.43531401338555, "amide21_pro_IEF-PCM": -400.4455036614229, "furan3_pro_vacuum": -461.30277617737624, "carbonate_rct_vacuum": -417.79630244928313, "iminium_rct_IEF-PCM": -210.55022072483894, "iminium_ts_IEF-PCM": -210.50359568796395, "aceticanhydride_ts_vacuum": -457.6434980399417, "borohydride_ts_IEF-PCM": -177.6473556295956, "imine_rct_IEF-PCM": -210.11262022330493, "furan1_ts_IEF-PCM": -461.31686115994466, "borohydride_rct_IEF-PCM": -177.68594907253635, "iminium_rct_vacuum": -210.46366359854255, "epoxide1_ts_vacuum": -269.51948529461265, "lactone_pro_IEF-PCM": -380.794061455226, "basicepoxide1_rct_vacuum": -268.59328823142704, "iminium_pro_IEF-PCM": -210.56574927985488, "ester_rct_IEF-PCM": -343.9283510983215, "cl2co_rct_IEF-PCM": -1109.0818124304064, "epoxide2_pro_IEF-PCM": -269.63456062133224, "epoxide1_pro_vacuum": -269.5399343456434, "imine_ts_IEF-PCM": -210.04261645833398, "epoxide2_pro_vacuum": -269.535715300893, "furan2_ts_vacuum": -461.27969091045713, "ester_pro_vacuum": -343.8360205889116, "basicepoxide2_ts_vacuum": -268.5779526723544, "furan2_pro_vacuum": -461.2817698207316, "furan1_pro_IEF-PCM": -461.3432485592643, "furan1_ts_vacuum": -461.2432972129858, "ester_ts_IEF-PCM": -343.9141949677854, "basicepoxide2_rct_IEF-PCM": -268.7014323843271, "amide21_pro_vacuum": -400.35375124045976, "basicepoxide2_ts_IEF-PCM": -268.6792947160996, "furan1_rct_vacuum": -461.2911825049203, "diazonium_rct_vacuum": -416.70792334146176, "aceticanhydride_rct_IEF-PCM": -457.65472429668165, "amide22_ts_vacuum": -400.3281322023949, "amide21_rct_IEF-PCM": -400.4685588274533, "borohydride_pro_vacuum": -177.6054484722238, "cl2co_pro_vacuum": -1109.0720444966423, "cl2co_rct_vacuum": -1109.0755314835574, "basicepoxide2_pro_vacuum": -268.6345371029006, "amide21_ts_vacuum": -400.3452742137042, "iminium_pro_vacuum": -210.4697015481659, "amide21_rct_vacuum": -400.3806668336496, "basicepoxide1_rct_IEF-PCM": -268.7014435126359, "carbonate_pro_vacuum": -417.84451665571316, "lactone_pro_vacuum": -380.7017511851453, "basicepoxide1_pro_vacuum": -268.63479127597935, "basicepoxide1_ts_vacuum": -268.5821247449129, "diazonium_pro_vacuum": -416.72843783825255, "iminium_ts_vacuum": -210.41205287319602, "ester_ts_vacuum": -343.81134862053716, "amide22_pro_vacuum": -400.3900654429263, "furan2_ts_IEF-PCM": -461.3518567114891, "carbonate_pro_IEF-PCM": -417.9405881660529, "imine_pro_vacuum": -210.11145789084387, "carbonate_rct_IEF-PCM": -417.8913754208865, "cl2co_pro_IEF-PCM": -1109.0799284646475, "aceticanhydride_rct_vacuum": -457.64473010955356, "lactone_rct_vacuum": -380.65634285941314, "lactone_ts_vacuum": -380.65123782949877, "carbonate_ts_IEF-PCM": -417.87325263515663, "epoxide1_rct_vacuum": -269.52876155215216, "aceticanhydride_pro_IEF-PCM": -457.6716344548979, "basicepoxide1_pro_IEF-PCM": -268.7356525054279, "epoxide2_rct_vacuum": -269.5287685080344}