{"iminium_rct_vacuum": -210.39214105, "furan3_rct_vacuum": -461.10023518, "diazonium_rct_vacuum": -416.52164956, "epoxide2_ts_IEF-PCM": -269.50717528, "lactone_pro_vacuum": -380.52227135, "furan1_rct_IEF-PCM": -461.18229261, "diazonium_rct_IEF-PCM": -416.59654529, "epoxide2_pro_IEF-PCM": -269.53676507, "enamine_pro_IEF-PCM": -631.85883961, "imine_rct_vacuum": -210.02442717, "aceticanhydride_rct_vacuum": -457.44345328, "diazonium_ts_IEF-PCM": -416.54983115, "diazonium_pro_IEF-PCM": -416.63671197, "diazonium_pro_vacuum": -416.5513581, "epoxide1_ts_IEF-PCM": -269.50743297, "aceticanhydride_pro_vacuum": -457.46066996, "cl2co_ts_vacuum": -1108.83328461, "enamine_ts_IEF-PCM": -631.82736388, "ester_rct_vacuum": -343.68176239, "carbonate_rct_IEF-PCM": -417.68129398, "furan1_rct_vacuum": -461.11166433, "iminium_rct_IEF-PCM": -210.47867701, "furan2_pro_vacuum": -461.10027925, "ester_rct_IEF-PCM": -343.77060612, "carbonate_rct_vacuum": -417.58565614, "aceticanhydride_ts_IEF-PCM": -457.45237002, "aceticanhydride_ts_vacuum": -457.39141653, "lactone_pro_IEF-PCM": -380.61527592, "cl2co_pro_IEF-PCM": -1108.9161357, "aceticanhydride_rct_IEF-PCM": -457.45370581, "epoxide1_rct_vacuum": -269.42966564, "furan1_ts_vacuum": -461.06533539, "furan3_pro_IEF-PCM": -461.2010765, "furan1_ts_IEF-PCM": -461.13902875, "ester_ts_IEF-PCM": -343.75074329, "imine_rct_IEF-PCM": -210.03310267, "ester_pro_vacuum": -343.67710245, "diazonium_ts_vacuum": -416.47451253, "furan2_pro_IEF-PCM": -461.17822508, "iminium_ts_IEF-PCM": -210.42792183, "iminium_ts_vacuum": -210.33615517, "cl2co_ts_IEF-PCM": -1108.84206491, "carbonate_ts_vacuum": -417.57352253, "carbonate_ts_IEF-PCM": -417.66421862, "epoxide1_rct_IEF-PCM": -269.51521053, "furan3_pro_vacuum": -461.12701319, "cl2co_pro_vacuum": -1108.90833158, "furan3_rct_IEF-PCM": -461.17818203, "epoxide1_ts_vacuum": -269.42233875, "ester_ts_vacuum": -343.64777048, "epoxide2_ts_vacuum": -269.41974614, "epoxide2_pro_vacuum": -269.43795927, "aceticanhydride_pro_IEF-PCM": -457.4713692, "enamine_rct_IEF-PCM": -631.86484827, "ester_pro_IEF-PCM": -343.77356607, "borohydride_ts_vacuum": -177.46315689, "carbonate_pro_IEF-PCM": -417.74003215, "carbonate_pro_vacuum": -417.64320488, "borohydride_ts_IEF-PCM": -177.56111992, "borohydride_pro_IEF-PCM": -177.62566838, "borohydride_rct_vacuum": -177.50773691, "borohydride_rct_IEF-PCM": -177.60239514, "borohydride_pro_vacuum": -177.52386175, "furan2_ts_IEF-PCM": -461.17323952, "furan3_ts_IEF-PCM": -461.16854996, "furan2_ts_vacuum": -461.10106526, "furan3_ts_vacuum": -461.09003145, "cl2co_rct_vacuum": -1108.91055745, "furan1_pro_IEF-PCM": -461.16577653, "epoxide1_pro_IEF-PCM": -269.53944887, "imine_ts_vacuum": -209.93515945, "lactone_rct_vacuum": -380.47383348, "imine_pro_vacuum": -210.03244293, "epoxide2_rct_vacuum": -269.42966713, "furan2_rct_IEF-PCM": -461.17577389, "iminium_pro_vacuum": -210.39814538, "epoxide2_rct_IEF-PCM": -269.51520641, "imine_ts_IEF-PCM": -209.95278684, "iminium_pro_IEF-PCM": -210.49432182, "lactone_rct_IEF-PCM": -380.57544387, "lactone_ts_vacuum": -380.46794267, "epoxide1_pro_vacuum": -269.44242501, "imine_pro_IEF-PCM": -210.03893765, "cl2co_rct_IEF-PCM": -1108.91703622, "lactone_ts_IEF-PCM": -380.56942766, "furan2_rct_vacuum": -461.10546471, "furan1_pro_vacuum": -461.08246428}