{"PBE": 5.968668259659285, "PBE-D3(BJ)": 6.315927705357382, "BLYP-D3(BJ)": 6.906085384388484, "BLYP": 6.158052346087784, "B97-D": 5.296173533124012, "B97-D3": 5.430932733154627, "mPW91": 5.733885980942439, "mPW91-D3(BJ)": 6.484724427550334, "SCAN": 4.213601077987941, "M06-L": 3.763585079002355, "SCAN-D3(BJ)": 4.257181333390914, "M06-L-D3(0)": 3.972998807806836, "TPSS": 5.445570557347079, "TPSS-D3(BJ)": 5.840943127914345, "MN12-L": 1.2508385845374357, "PBE0": 2.3581410573541906, "MN12-L-D3(BJ)": 1.594392513504069, "PBE0-D3(BJ)": 2.5844688685180754, "B3LYP": 2.7935832828270915, "B3LYP-D3(BJ)": 2.806505605634012, "VV10": 7.004179254762671, "mPW1PW91-D3(BJ)": 2.9940151483169384, "mPW1PW91": 1.9613439941658206, "rVV10": 6.963840248158178, "CAM-B3LYP": 1.5975367601613493, "M06-2X": 2.9589921242938306, "CAM-B3LYP-D3(0)": 1.4197552322370486, "M08-SO": 2.8811717914518273, "M06-2X-D3(0)": 2.0185342371146775, "MN15": 2.3549235594937796, "wB97XD3": 1.7170356226632668, "BMK": 2.20127481105116, "M06-HF": 3.727758388203367, "wB97X": 1.8663499699675234, "BMK-D3(BJ)": 2.1278984849102036, "TPSSh": 3.5813019976779974, "wB97XD": 1.7932445492993194, "TPSSh-D3(BJ)": 4.017276864320397, "mPWB1K": 3.0458086389424133, "mPWB1K-D3(BJ)": 2.985702685461435, "SCAN0": 2.5652663556352064, "M11": 1.428358062480685, "wB97XV": 1.4945896193629005, "B97M-rV": 2.2227515442099897, "wB97M-V": 1.5354730643386012}