{"PBE": 0.25882222268052407, "PBE-D3(BJ)": 0.27388060047475565, "BLYP-D3(BJ)": 0.29947189078840564, "BLYP": 0.26703457559700905, "B97-D": 0.22966051150967634, "B97-D3": 0.23550413929417047, "mPW91": 0.2486412461913128, "mPW91-D3(BJ)": 0.28120021364783904, "SCAN": 0.18271640323266103, "M06-L": 0.163202143764353, "SCAN-D3(BJ)": 0.1846061947368426, "M06-L-D3(0)": 0.1722830516639129, "TPSS": 0.23613888628091503, "TPSS-D3(BJ)": 0.25328361657071236, "MN12-L": 0.05424071310055022, "PBE0": 0.10225720098798946, "MN12-L-D3(BJ)": 0.06913840679660543, "PBE0-D3(BJ)": 0.11207156234825685, "B3LYP": 0.12113949092988072, "B3LYP-D3(BJ)": 0.12169984780776041, "VV10": 0.3037255823083682, "mPW1PW91-D3(BJ)": 0.12983091398528895, "mPW1PW91": 0.08505069974186713, "rVV10": 0.3019763426294494, "CAM-B3LYP": 0.06927475227152374, "M06-2X": 0.12831219380713457, "CAM-B3LYP-D3(0)": 0.061565526660862346, "M08-SO": 0.1249376334128105, "M06-2X-D3(0)": 0.08753066765961957, "MN15": 0.10211767908603858, "wB97XD3": 0.07445663872508687, "BMK": 0.09545493475950609, "M06-HF": 0.16164857379857786, "wB97X": 0.08093142833746608, "BMK-D3(BJ)": 0.09227308195788675, "TPSSh": 0.15529771513589408, "wB97XD": 0.07776132293971369, "TPSSh-D3(BJ)": 0.17420310225212698, "mPWB1K": 0.13207685994523974, "mPWB1K-D3(BJ)": 0.12947045667410756, "SCAN0": 0.11123887457785643, "M11": 0.061938575312275965, "wB97XV": 0.064810606059856, "B97M-rV": 0.09638624063382556, "wB97M-V": 0.06658345448082886}