{"PBE": 6.386382509663834, "PBE-D3(BJ)": 7.175304205371341, "BLYP-D3(BJ)": 7.630910384398425, "BLYP": 6.627819710722762, "B97-D": 6.372948283127791, "B97-D3": 6.565664483138248, "mPW91": 6.140195980956582, "mPW91-D3(BJ)": 7.604969927570782, "SCAN": 5.526485827992087, "M06-L": 4.404991329001914, "SCAN-D3(BJ)": 5.512742333401095, "M06-L-D3(0)": 4.19959686154046, "TPSS": 6.170625557361509, "TPSS-D3(BJ)": 6.8221731279035644, "MN12-L": 1.4034072682255723, "PBE0": 2.160215653329075, "MN12-L-D3(BJ)": 1.5441935135129716, "PBE0-D3(BJ)": 2.7458821289269144, "B3LYP": 3.328412282839092, "B3LYP-D3(BJ)": 3.4602252152309783, "VV10": 7.931443004764651, "mPW1PW91-D3(BJ)": 3.3455397598671954, "mPW1PW91": 2.0697310651133654, "rVV10": 7.881567998174549, "CAM-B3LYP": 1.4603895264337836, "M06-2X": 3.2522528742896224, "CAM-B3LYP-D3(0)": 1.257602104449559, "M08-SO": 2.582496215826654, "M06-2X-D3(0)": 2.3952084871071637, "MN15": 2.095459103550046, "wB97XD3": 1.4515756226528793, "BMK": 2.1479159651958866, "M06-HF": 3.525084490304617, "wB97X": 1.7360709417581162, "BMK-D3(BJ)": 1.7959766932256256, "TPSSh": 4.3659374976876215, "wB97XD": 1.4638938003875168, "TPSSh-D3(BJ)": 4.981061114314107, "mPWB1K": 2.8107031389328787, "mPWB1K-D3(BJ)": 2.530139935444507, "SCAN0": 2.585554355622616, "M11": 1.6535136379813893, "wB97XV": 1.1734500194076816, "B97M-rV": 3.2195382942116133, "wB97M-V": 1.4669998950191514}