{"PBE": 0.911885478790476, "PBE-D3(BJ)": 1.1073745608330934, "BLYP-D3(BJ)": 1.057571106509319, "BLYP": 0.8838216950174443, "B97-D": 1.1836582187342901, "B97-D3": 1.4147510094212792, "mPW91": 0.6719728515196544, "mPW91-D3(BJ)": 1.3860227233625317, "SCAN": 1.250543582436055, "M06-L": 1.0453604807259458, "SCAN-D3(BJ)": 1.274863444185468, "M06-L-D3(0)": 1.2001296472933316, "TPSS": 1.1298936618596118, "TPSS-D3(BJ)": 1.3234165300587173, "MN12-L": 0.9099567301314133, "PBE0": 0.6339623980139394, "MN12-L-D3(BJ)": 1.0975206599395624, "PBE0-D3(BJ)": 0.6993185565088003, "VV10": 1.206133124289863, "B3LYP": 0.6589371714564758, "B3LYP-D3(BJ)": 0.7914304071047197, "mPW1PW91-D3(BJ)": 0.866918440628575, "mPW1PW91": 0.5744639803241368, "CAM-B3LYP": 0.792791003121158, "CAM-B3LYP-D3(0)": 0.5220588454848951, "rVV10": 1.169232876552796, "M06-2X": 0.9679835041313035, "wB97XD3": 0.4899288200527575, "wB97X": 0.49032008332197735, "M08-SO": 0.9027544033482457, "wB97XD": 0.5987271733605868, "M06-2X-D3(0)": 0.7496268936581783, "MN15": 0.9552695455639717, "BMK": 0.6421530586408669, "M06-HF": 0.8371683703292139, "BMK-D3(BJ)": 0.49513785403518135, "TPSSh": 0.8370860849722381, "TPSSh-D3(BJ)": 0.921573715252012, "mPWB1K": 0.5721370822197758, "mPWB1K-D3(BJ)": 0.6714075227151144, "M11": 0.9373963169376052, "SCAN0": 0.6914283803673097, "wB97XV": 0.3974734853562126, "B97M-rV": 1.0521513931292998, "wB97M-V": 0.4718983352381748}