{"PBE": 0.87739609369813, "PBE-D3(BJ)": 1.075323678433905, "BLYP-D3(BJ)": 1.048864342954533, "BLYP": 0.8955028113560638, "B97-D": 1.1757168392078263, "B97-D3": 1.4073216589247284, "mPW91": 0.6803999404195948, "mPW91-D3(BJ)": 1.3582676387068877, "SCAN": 1.2207329875233501, "M06-L": 1.0630811534873963, "SCAN-D3(BJ)": 1.2456166190708913, "M06-L-D3(0)": 1.2175261503203647, "TPSS": 1.098442437848889, "TPSS-D3(BJ)": 1.294640521335714, "MN12-L": 0.9064724736698418, "PBE0": 0.6469571578910975, "MN12-L-D3(BJ)": 1.0695730068975682, "PBE0-D3(BJ)": 0.6919025263209969, "VV10": 1.1737298960699758, "B3LYP": 0.6749751814780438, "B3LYP-D3(BJ)": 0.7839350902355902, "mPW1PW91-D3(BJ)": 0.8624456496705359, "mPW1PW91": 0.5866715604918544, "CAM-B3LYP": 0.7985728541227552, "CAM-B3LYP-D3(0)": 0.5165420861921983, "rVV10": 1.136766303356388, "M06-2X": 0.9540122372083149, "wB97XD3": 0.5064182685471253, "wB97X": 0.493876832226747, "M08-SO": 0.8539750767005738, "wB97XD": 0.5894241518432891, "M06-2X-D3(0)": 0.7371366481020306, "MN15": 0.960766190187405, "BMK": 0.620168169059484, "M06-HF": 0.7957163970024884, "BMK-D3(BJ)": 0.5167818260418168, "TPSSh": 0.8487008291166925, "TPSSh-D3(BJ)": 0.8923175732266697, "mPWB1K": 0.5743862267523918, "mPWB1K-D3(BJ)": 0.6736335598188117, "M11": 0.8598124086021748, "SCAN0": 0.6864052226857098, "wB97XV": 0.3859984020401951, "B97M-rV": 1.0524403011223558, "wB97M-V": 0.47988119774002}