{"PBE": 0.9113535430915338, "PBE-D3(BJ)": 1.1438949475341502, "BLYP-D3(BJ)": 1.0398067177617054, "BLYP": 0.8416817188750073, "B97-D": 1.3064352615096526, "B97-D3": 1.3702358892940096, "mPW91": 0.9802022613301189, "mPW91-D3(BJ)": 1.478589111057487, "SCAN": 1.4956011532331148, "M06-L": 1.1027985370232587, "SCAN-D3(BJ)": 1.565935298203084, "M06-L-D3(0)": 1.2700510308712536, "TPSS": 0.961193886280542, "TPSS-D3(BJ)": 1.2451035938062356, "MN12-L": 0.6114661113782794, "PBE0": 0.7721543412878094, "MN12-L-D3(BJ)": 0.6538272010743054, "PBE0-D3(BJ)": 0.7985737096407264, "B3LYP": 0.726014326263895, "B3LYP-D3(BJ)": 0.9132271393217812, "VV10": 1.2309893323085, "mPW1PW91-D3(BJ)": 0.7377141272951577, "mPW1PW91": 0.807238574880035, "rVV10": 1.2197040926293996, "CAM-B3LYP": 0.5461351060870615, "M06-2X": 0.9911065713328874, "CAM-B3LYP-D3(0)": 0.6641481385545158, "M08-SO": 0.892168541164649, "M06-2X-D3(0)": 1.0478933402103685, "MN15": 1.0166678373633649, "wB97XD3": 0.4286067336846334, "BMK": 0.6806095533340271, "M06-HF": 0.8991375784807103, "wB97X": 0.40225581062732535, "BMK-D3(BJ)": 0.625670060397826, "TPSSh": 0.9399332151356808, "wB97XD": 0.7107249669359896, "TPSSh-D3(BJ)": 1.1379873522512383, "mPWB1K": 0.6971377755761423, "mPWB1K-D3(BJ)": 0.7735875570727984, "SCAN0": 0.6939929555063242, "M11": 0.6686808006501147, "wB97XV": 0.5175705998285646, "B97M-rV": 1.0931729906331507, "wB97M-V": 0.5828107065903818}