{"PBE": 0.25612499999999827, "PBE-D3(BJ)": 0.3526249999999938, "BLYP-D3(BJ)": 0.4016249999999997, "BLYP": 0.4287499999999961, "B97-D": 0.381125000000001, "B97-D3": 0.468249999999997, "mPW91": 0.3160000000000016, "mPW91-D3(BJ)": 0.42562499999999925, "SCAN": 0.44199999999999895, "M06-L": 0.2374999999999985, "SCAN-D3(BJ)": 0.43337499999999995, "M06-L-D3(0)": 0.24887499999999485, "TPSS": 0.25537499999999924, "TPSS-D3(BJ)": 0.3824999999999966, "MN12-L": 0.23149999999999749, "PBE0": 0.228874999999995, "MN12-L-D3(BJ)": 0.2552500000000014, "PBE0-D3(BJ)": 0.20624999999999558, "VV10": 0.37425000000000164, "B3LYP": 0.2807500000000035, "B3LYP-D3(BJ)": 0.2911249999999977, "mPW1PW91-D3(BJ)": 0.3049999999999987, "mPW1PW91": 0.21424999999999492, "CAM-B3LYP": 0.15487499999999943, "CAM-B3LYP-D3(0)": 0.15975000000000047, "rVV10": 0.37562499999999877, "M06-2X": 0.3825000000000012, "wB97XD3": 0.13062499999999366, "wB97X": 0.18212499999999365, "M08-SO": 0.26887499999999775, "wB97XD": 0.117624999999997, "M06-2X-D3(0)": 0.38037500000000346, "MN15": 0.3898750000000008, "BMK": 0.3111250000000006, "M06-HF": 0.24675000000000324, "BMK-D3(BJ)": 0.26625000000000126, "TPSSh": 0.2971249999999972, "TPSSh-D3(BJ)": 0.3159999999999986, "mPWB1K": 0.13612499999999134, "mPWB1K-D3(BJ)": 0.13049999999999737, "M11": 0.17349999999999766, "SCAN0": 0.16400000000000334, "wB97XV": 0.15749999999999897, "B97M-rV": 0.37012499999999654, "wB97M-V": 0.16199999999999443}