{"PBE": 0.3185000000000011, "PBE-D3(BJ)": 0.374, "BLYP-D3(BJ)": 0.21525000000000163, "BLYP": 0.12087499999999723, "B97-D": 0.2941249999999986, "B97-D3": 0.3667500000000028, "mPW91": 0.32374999999999815, "mPW91-D3(BJ)": 0.42174999999999735, "SCAN": 0.5650000000000013, "M06-L": 0.2869999999999917, "SCAN-D3(BJ)": 0.5037500000000065, "M06-L-D3(0)": 0.19687500000000058, "TPSS": 0.3625000000000026, "TPSS-D3(BJ)": 0.4163750000000014, "MN12-L": 0.2861249999999982, "PBE0": 0.3023750000000024, "MN12-L-D3(BJ)": 0.27562499999999757, "PBE0-D3(BJ)": 0.2538749999999995, "B3LYP": 0.2747500000000008, "B3LYP-D3(BJ)": 0.2537500000000017, "VV10": 0.2681250000000036, "mPW1PW91-D3(BJ)": 0.26562500000000566, "mPW1PW91": 0.3183750000000022, "rVV10": 0.2621249999999935, "CAM-B3LYP": 0.18062500000000178, "M06-2X": 0.3852499999999984, "CAM-B3LYP-D3(0)": 0.19625000000000598, "M08-SO": 0.3613749999999993, "M06-2X-D3(0)": 0.3439999999999993, "MN15": 0.2927500000000018, "wB97XD3": 0.13849999999999282, "BMK": 0.22649999999999687, "M06-HF": 0.15012499999999568, "wB97X": 0.1942499999999928, "BMK-D3(BJ)": 0.21475000000000596, "TPSSh": 0.28199999999999903, "wB97XD": 0.26137499999999997, "TPSSh-D3(BJ)": 0.39587500000000453, "mPWB1K": 0.2290000000000057, "mPWB1K-D3(BJ)": 0.25762499999999866, "SCAN0": 0.24199999999999774, "M11": 0.14187500000000172, "wB97XV": 0.20649999999999463, "B97M-rV": 0.3025000000000002, "wB97M-V": 0.22525000000000223}