{"PBE": 0.3184999999999988, "PBE-D3(BJ)": 0.37399999999999844, "BLYP-D3(BJ)": 0.21525000000000166, "BLYP": 0.12087499999999918, "B97-D": 0.29412499999999364, "B97-D3": 0.36675000000000263, "mPW91": 0.3237499999999993, "mPW91-D3(BJ)": 0.42174999999999585, "SCAN": 0.5649999999999973, "M06-L": 0.28699999999999715, "SCAN-D3(BJ)": 0.5037499999999998, "M06-L-D3(0)": 0.19687500000000363, "TPSS": 0.36250000000000276, "TPSS-D3(BJ)": 0.4163750000000021, "MN12-L": 0.2861249999999943, "PBE0": 0.3023749999999962, "MN12-L-D3(BJ)": 0.2756249999999948, "PBE0-D3(BJ)": 0.25387499999999374, "B3LYP": 0.2747499999999995, "B3LYP-D3(BJ)": 0.25374999999999437, "VV10": 0.2681250000000018, "mPW1PW91-D3(BJ)": 0.2656249999999971, "mPW1PW91": 0.31837499999999797, "rVV10": 0.2621249999999947, "CAM-B3LYP": 0.18062499999999565, "M06-2X": 0.385249999999997, "CAM-B3LYP-D3(0)": 0.19624999999999793, "M08-SO": 0.3613749999999982, "M06-2X-D3(0)": 0.34399999999999936, "MN15": 0.2927499999999965, "wB97XD3": 0.1384999999999952, "BMK": 0.22650000000000017, "M06-HF": 0.15012499999999623, "wB97X": 0.19424999999999654, "BMK-D3(BJ)": 0.21475000000000583, "TPSSh": 0.2819999999999968, "wB97XD": 0.26137499999999875, "TPSSh-D3(BJ)": 0.39587499999999887, "mPWB1K": 0.22900000000000187, "mPWB1K-D3(BJ)": 0.2576249999999947, "SCAN0": 0.2419999999999955, "M11": 0.14187499999999975, "wB97XV": 0.20649999999999424, "B97M-rV": 0.30249999999999855, "wB97M-V": 0.22524999999999784}