{"PBE": 0.002894624999999998, "PBE-D3(BJ)": 0.0024435000000000004, "BLYP-D3(BJ)": 0.0025370000000000024, "BLYP": 0.0022458750000000035, "B97-D": 0.0032668749999999963, "B97-D3": 0.0033293750000000077, "mPW91": 0.0029614999999999937, "mPW91-D3(BJ)": 0.003284750000000003, "SCAN": 0.003763875000000006, "M06-L": 0.003726625000000002, "SCAN-D3(BJ)": 0.003234750000000009, "M06-L-D3(0)": 0.003866500000000007, "TPSS": 0.002257999999999997, "TPSS-D3(BJ)": 0.0025715000000000056, "MN12-L": 0.0021653750000000045, "PBE0": 0.002549374999999996, "MN12-L-D3(BJ)": 0.0020182500000000014, "PBE0-D3(BJ)": 0.0023162500000000023, "B3LYP": 0.0022949999999999976, "B3LYP-D3(BJ)": 0.0023427499999999937, "VV10": 0.0029336250000000005, "mPW1PW91-D3(BJ)": 0.0017279999999999986, "mPW1PW91": 0.00280425, "rVV10": 0.002818625, "CAM-B3LYP": 0.0018373749999999888, "M06-2X": 0.0028756249999999993, "CAM-B3LYP-D3(0)": 0.0020047499999999974, "M08-SO": 0.002471500000000003, "M06-2X-D3(0)": 0.002629625000000005, "MN15": 0.002909375000000003, "wB97XD3": 0.0016847499999999866, "BMK": 0.0015042499999999982, "M06-HF": 0.003030250000000001, "wB97X": 0.001724750000000002, "BMK-D3(BJ)": 0.0017001249999999966, "TPSSh": 0.002357000000000004, "wB97XD": 0.0021614999999999976, "TPSSh-D3(BJ)": 0.002446125, "mPWB1K": 0.0023724999999999953, "mPWB1K-D3(BJ)": 0.0027671249999999988, "SCAN0": 0.002245999999999997, "M11": 0.002013625000000006, "wB97XV": 0.0022886250000000007, "B97M-rV": 0.002412875000000006, "wB97M-V": 0.0020211250000000077}