{"PBE": 0.0019417500000000077, "PBE-D3(BJ)": 0.001995000000000002, "BLYP-D3(BJ)": 0.002042875000000005, "BLYP": 0.0030198750000000035, "B97-D": 0.0026671250000000063, "B97-D3": 0.0031242500000000107, "mPW91": 0.002309375000000006, "mPW91-D3(BJ)": 0.003074375000000008, "SCAN": 0.0025560000000000027, "M06-L": 0.0027558750000000075, "SCAN-D3(BJ)": 0.0024666250000000105, "M06-L-D3(0)": 0.0035605000000000064, "TPSS": 0.0026302500000000093, "TPSS-D3(BJ)": 0.0025941250000000057, "MN12-L": 0.0027753750000000066, "PBE0": 0.0017906250000000005, "MN12-L-D3(BJ)": 0.0035932500000000057, "PBE0-D3(BJ)": 0.0017618750000000108, "VV10": 0.0024606250000000097, "B3LYP": 0.0026678749999999975, "B3LYP-D3(BJ)": 0.0018792500000000085, "mPW1PW91-D3(BJ)": 0.002972499999999997, "mPW1PW91": 0.0017921249999999955, "CAM-B3LYP": 0.0028446250000000017, "CAM-B3LYP-D3(0)": 0.0017873750000000097, "rVV10": 0.0023575000000000098, "M06-2X": 0.0027857500000000096, "wB97XD3": 0.001839000000000002, "wB97X": 0.0016142500000000085, "M08-SO": 0.0028788749999999978, "wB97XD": 0.00226787500000001, "M06-2X-D3(0)": 0.0020482500000000097, "MN15": 0.002953375000000005, "BMK": 0.0021700000000000087, "M06-HF": 0.002491375000000003, "BMK-D3(BJ)": 0.0016552500000000124, "TPSSh": 0.0025203750000000096, "TPSSh-D3(BJ)": 0.0020032500000000046, "mPWB1K": 0.0021205000000000095, "mPWB1K-D3(BJ)": 0.0026707500000000117, "M11": 0.002647875000000006, "SCAN0": 0.001861250000000013, "wB97XV": 0.001197250000000006, "B97M-rV": 0.0021626250000000096, "wB97M-V": 0.0019336250000000033}