{"PBE": 0.0028946250000000005, "PBE-D3(BJ)": 0.0024435000000000086, "BLYP-D3(BJ)": 0.0025370000000000123, "BLYP": 0.002245875000000007, "B97-D": 0.003266875000000007, "B97-D3": 0.003329375000000014, "mPW91": 0.002961499999999999, "mPW91-D3(BJ)": 0.003284750000000009, "SCAN": 0.0037638750000000107, "M06-L": 0.0037266250000000077, "SCAN-D3(BJ)": 0.003234750000000011, "M06-L-D3(0)": 0.0038665000000000106, "TPSS": 0.0022580000000000057, "TPSS-D3(BJ)": 0.002571500000000014, "MN12-L": 0.002165375000000005, "PBE0": 0.0025493749999999996, "MN12-L-D3(BJ)": 0.0020182500000000022, "PBE0-D3(BJ)": 0.0023162500000000097, "B3LYP": 0.002295000000000002, "B3LYP-D3(BJ)": 0.0023427500000000024, "VV10": 0.002933625000000008, "mPW1PW91-D3(BJ)": 0.001728000000000003, "mPW1PW91": 0.0028042500000000047, "rVV10": 0.0028186250000000104, "CAM-B3LYP": 0.001837374999999997, "M06-2X": 0.002875625000000007, "CAM-B3LYP-D3(0)": 0.002004750000000007, "M08-SO": 0.0024715000000000062, "M06-2X-D3(0)": 0.0026296250000000052, "MN15": 0.0029093750000000096, "wB97XD3": 0.0016847499999999992, "BMK": 0.0015042499999999989, "M06-HF": 0.003030250000000006, "wB97X": 0.0017247500000000093, "BMK-D3(BJ)": 0.0017001250000000076, "TPSSh": 0.0023570000000000127, "wB97XD": 0.0021615000000000046, "TPSSh-D3(BJ)": 0.0024461250000000117, "mPWB1K": 0.002372500000000005, "mPWB1K-D3(BJ)": 0.0027671250000000074, "SCAN0": 0.0022459999999999963, "M11": 0.0020136250000000145, "wB97XV": 0.0022886250000000025, "B97M-rV": 0.0024128750000000044, "wB97M-V": 0.0020211250000000134}